<?xml version="1.0" encoding="UTF-8" standalone="yes"?>
<a:clrScheme xmlns:a="http://schemas.openxmlformats.org/drawingml/2006/main" name="Sunset Design"><a:dk1><a:srgbClr val="3B3B3D"/></a:dk1><a:lt1><a:srgbClr val="FEFFFE"/></a:lt1><a:dk2><a:srgbClr val="9F9DA0"/></a:dk2><a:lt2><a:srgbClr val="F6F7F8"/></a:lt2><a:accent1><a:srgbClr val="F885A8"/></a:accent1><a:accent2><a:srgbClr val="FE8A6F"/></a:accent2><a:accent3><a:srgbClr val="FDC254"/></a:accent3><a:accent4><a:srgbClr val="DFDC6D"/></a:accent4><a:accent5><a:srgbClr val="9FDCE0"/></a:accent5><a:accent6><a:srgbClr val="9ADAC5"/></a:accent6><a:hlink><a:srgbClr val="A0DCE0"/></a:hlink><a:folHlink><a:srgbClr val="99DCC4"/></a:folHlink></a:clrScheme>